{
    "name": "Colab Themes",
    "description": "Changes the appearance of Google Colab!",
    "version": "1.1.0",
    "manifest_version": 3,
    "permissions": ["storage"],
    "action": {
        "default_title": "Themes for Google Colab",
        "default_popup": "popup.html"
    },
    "content_scripts": [
        {
            "matches": ["https://colab.research.google.com/*", "*://*.googleusercontent.com/*"],
            "js": ["content.js"],
            "run_at": "document_end",
            "all_frames": true
        }
    ],
    "host_permissions": [
        "https://colab.research.google.com/*",
        "*://*.googleusercontent.com/*"
    ],
    "background": {
        "service_worker": "background.js"
    },
    "web_accessible_resources": [
        {
            "resources": ["themes/*.json"],
            "matches": ["*://colab.research.google.com/*", "*://*.googleusercontent.com/*"]
        }
    ],
    "icons": {
        "16": "icons/favicon16.png",
        "32": "icons/favicon32.png",
        "96": "icons/favicon96.png",
        "128": "icons/favicon128.png"
    },
    "browser_specific_settings": {
        "gecko": {
            "id": "colab-themes@yourdomain.com",
            "strict_min_version": "109.0"
        }
    }
}