{
  "base": "vs-dark",
  "inherit": true,
  "rules": [
    {
      "background": "050505FA",
      "token": ""
    },
    {
      "foreground": "000000",
      "background": "ffffff",
      "fontStyle": "bold",
      "token": "meta.thomas_aylott"
    },
    {
      "foreground": "555555",
      "background": "ffffff",
      "fontStyle": "underline",
      "token": "meta.subtlegradient"
    },
    {
      "foreground": "e6e6e6",
      "background": "ffffff",
      "token": "meta.subtlegradient"
    },
    {
      "foreground": "d2d1ab",
      "background": "803d0033",
      "token": "string -meta.tag -meta.doctype -string.regexp -string.literal -string.interpolated -string.quoted.literal -string.unquoted"
    },
    {
      "foreground": "d2d1ab",
      "background": "803d0033",
      "token": "variable.parameter.misc.css"
    },
    {
      "foreground": "d2d1ab",
      "background": "803d0033",
      "token": "text string source string"
    },
    {
      "foreground": "d2d1ab",
      "background": "803d0033",
      "token": "string.unquoted string"
    },
    {
      "foreground": "d2d1ab",
      "background": "803d0033",
      "token": "string.regexp string"
    },
    {
      "foreground": "533f2c",
      "token": "punctuation.definition.string -meta.tag"
    },
    {
      "foreground": "fff80033",
      "token": "string.regexp punctuation.definition.string"
    },
    {
      "foreground": "fff80033",
      "token": "string.quoted.literal punctuation.definition.string"
    },
    {
      "foreground": "fff80033",
      "token": "string.quoted.double.ruby.mod punctuation.definition.string"
    },
    {
      "foreground": "a6a458",
      "background": "43800033",
      "token": "string.quoted.literal"
    },
    {
      "foreground": "a6a458",
      "background": "43800033",
      "token": "string.quoted.double.ruby.mod"
    },
    {
      "foreground": "d2beab",
      "token": "string.unquoted -string.unquoted.embedded"
    },
    {
      "foreground": "d2beab",
      "token": "string.quoted.double.multiline"
    },
    {
      "foreground": "d2beab",
      "token": "meta.scope.heredoc"
    },
    {
      "foreground": "d2d1ab",
      "background": "1a1a1a",
      "token": "string.interpolated"
    },
    {
      "foreground": "a6a458",
      "background": "43800033",
      "token": "string.regexp"
    },
    {
      "background": "43800033",
      "token": "string.regexp.group"
    },
    {
      "foreground": "ffffff66",
      "background": "43800033",
      "token": "string.regexp.group string.regexp.group"
    },
    {
      "foreground": "ffffff66",
      "background": "43800033",
      "token": "string.regexp.group string.regexp.group string.regexp.group"
    },
    {
      "foreground": "ffffff66",
      "background": "43800033",
      "token": "string.regexp.group string.regexp.group string.regexp.group string.regexp.group"
    },
    {
      "foreground": "80a659",
      "background": "43800033",
      "token": "string.regexp.character-class"
    },
    {
      "foreground": "56a5a4",
      "background": "43800033",
      "token": "string.regexp.arbitrary-repitition"
    },
    {
      "foreground": "a75980",
      "token": "source.regexp keyword.operator"
    },
    {
      "foreground": "ffffff",
      "fontStyle": "italic",
      "token": "string.regexp comment"
    },
    {
      "background": "0086ff33",
      "token": "meta.group.assertion.regexp"
    },
    {
      "foreground": "5780a6",
      "token": "meta.assertion"
    },
    {
      "foreground": "5780a6",
      "token": "meta.group.assertion keyword.control.group.regexp"
    },
    {
      "foreground": "95a658",
      "token": "constant.numeric"
    },
    {
      "foreground": "80a659",
      "token": "constant.character"
    },
    {
      "foreground": "59a559",
      "token": "constant.language"
    },
    {
      "foreground": "59a559",
      "token": "keyword.other.unit"
    },
    {
      "foreground": "59a559",
      "token": "constant.other.java"
    },
    {
      "foreground": "59a559",
      "token": "constant.other.unit"
    },
    {
      "foreground": "59a559",
      "background": "04800033",
      "token": "constant.language.pseudo-variable"
    },
    {
      "foreground": "57a57d",
      "token": "constant.other"
    },
    {
      "foreground": "57a57d",
      "token": "constant.block"
    },
    {
      "foreground": "56a5a4",
      "token": "support.constant"
    },
    {
      "foreground": "56a5a4",
      "token": "constant.name"
    },
    {
      "foreground": "5e6b6b",
      "token": "variable.language"
    },
    {
      "foreground": "5e6b6b",
      "token": "variable.other.readwrite.global.pre-defined"
    },
    {
      "foreground": "56a5a4",
      "token": "variable.other.constant"
    },
    {
      "foreground": "56a5a4",
      "background": "00807c33",
      "token": "support.variable"
    },
    {
      "foreground": "2b5252",
      "background": "00438033",
      "token": "variable.other.readwrite.global"
    },
    {
      "foreground": "5780a6",
      "token": "variable.other"
    },
    {
      "foreground": "5780a6",
      "token": "variable.js"
    },
    {
      "foreground": "5780a6",
      "background": "0007ff33",
      "token": "variable.other.readwrite.class"
    },
    {
      "foreground": "555f69",
      "token": "variable.other.readwrite.instance"
    },
    {
      "foreground": "555f69",
      "token": "variable.other.php"
    },
    {
      "foreground": "555f69",
      "token": "variable.other.normal"
    },
    {
      "foreground": "00000080",
      "token": "punctuation.definition -punctuation.definition.comment"
    },
    {
      "foreground": "00000080",
      "token": "punctuation.separator.variable"
    },
    {
      "foreground": "a77d58",
      "token": "storage -storage.modifier"
    },
    {
      "background": "803d0033",
      "token": "other.preprocessor"
    },
    {
      "background": "803d0033",
      "token": "entity.name.preprocessor"
    },
    {
      "foreground": "666666",
      "token": "variable.language.this.js"
    },
    {
      "foreground": "533f2c",
      "token": "storage.modifier"
    },
    {
      "foreground": "a7595a",
      "token": "entity.name.class"
    },
    {
      "foreground": "a7595a",
      "token": "entity.name.type.class"
    },
    {
      "foreground": "a7595a",
      "token": "entity.name.type.module"
    },
    {
      "foreground": "532d2d",
      "background": "29161780",
      "token": "meta.class -meta.class.instance"
    },
    {
      "foreground": "532d2d",
      "background": "29161780",
      "token": "declaration.class"
    },
    {
      "foreground": "532d2d",
      "background": "29161780",
      "token": "meta.definition.class"
    },
    {
      "foreground": "532d2d",
      "background": "29161780",
      "token": "declaration.module"
    },
    {
      "foreground": "a7595a",
      "background": "80000433",
      "token": "support.type"
    },
    {
      "foreground": "a7595a",
      "background": "80000433",
      "token": "support.class"
    },
    {
      "foreground": "a7595a",
      "token": "entity.name.instance"
    },
    {
      "background": "80004333",
      "token": "meta.class.instance.constructor"
    },
    {
      "foreground": "a75980",
      "background": "80000433",
      "token": "entity.other.inherited-class"
    },
    {
      "foreground": "a75980",
      "background": "80000433",
      "token": "entity.name.module"
    },
    {
      "foreground": "a75980",
      "token": "object.property.function"
    },
    {
      "foreground": "a75980",
      "token": "meta.definition.method"
    },
    {
      "foreground": "532d40",
      "background": "80004333",
      "token": "meta.function -(meta.tell-block)"
    },
    {
      "foreground": "532d40",
      "background": "80004333",
      "token": "meta.property.function"
    },
    {
      "foreground": "532d40",
      "background": "80004333",
      "token": "declaration.function"
    },
    {
      "foreground": "a75980",
      "token": "entity.name.function"
    },
    {
      "foreground": "a75980",
      "token": "entity.name.preprocessor"
    },
    {
      "foreground": "a459a5",
      "token": "keyword"
    },
    {
      "foreground": "a459a5",
      "background": "3c008033",
      "token": "keyword.control"
    },
    {
      "foreground": "8d809d",
      "token": "keyword.other.special-method"
    },
    {
      "foreground": "8d809d",
      "token": "meta.function-call entity.name.function -(meta.function-call meta.function)"
    },
    {
      "foreground": "8d809d",
      "token": "support.function - variable"
    },
    {
      "foreground": "634683",
      "token": "support.function - variable"
    },
    {
      "foreground": "7979b7",
      "fontStyle": "bold",
      "token": "keyword.operator"
    },
    {
      "foreground": "7979b7",
      "fontStyle": "bold",
      "token": "declaration.function.operator"
    },
    {
      "foreground": "7979b7",
      "fontStyle": "bold",
      "token": "meta.preprocessor.c.include"
    },
    {
      "foreground": "9899c8",
      "token": "keyword.operator.comparison"
    },
    {
      "foreground": "abacd2",
      "background": "3c008033",
      "token": "variable.parameter -variable.parameter.misc.css"
    },
    {
      "foreground": "abacd2",
      "background": "3c008033",
      "token": "meta.definition.method  meta.definition.param-list"
    },
    {
      "foreground": "abacd2",
      "background": "3c008033",
      "token": "meta.function.method.with-arguments variable.parameter.function"
    },
    {
      "foreground": "cdcdcd",
      "background": "333333",
      "token": "meta.doctype"
    },
    {
      "foreground": "cdcdcd",
      "background": "333333",
      "token": "meta.tag.sgml-declaration.doctype"
    },
    {
      "foreground": "cdcdcd",
      "background": "333333",
      "token": "meta.tag.sgml.doctype"
    },
    {
      "foreground": "333333",
      "token": "meta.tag"
    },
    {
      "foreground": "666666",
      "background": "333333bf",
      "token": "meta.tag.structure"
    },
    {
      "foreground": "666666",
      "background": "333333bf",
      "token": "meta.tag.segment"
    },
    {
      "foreground": "4c4c4c",
      "background": "4c4c4c33",
      "token": "meta.tag.block"
    },
    {
      "foreground": "4c4c4c",
      "background": "4c4c4c33",
      "token": "meta.tag.xml"
    },
    {
      "foreground": "4c4c4c",
      "background": "4c4c4c33",
      "token": "meta.tag.key"
    },
    {
      "foreground": "a77d58",
      "background": "803d0033",
      "token": "meta.tag.inline"
    },
    {
      "background": "803d0033",
      "token": "meta.tag.inline source"
    },
    {
      "foreground": "a7595a",
      "background": "80000433",
      "token": "meta.tag.other"
    },
    {
      "foreground": "a7595a",
      "background": "80000433",
      "token": "entity.name.tag.style"
    },
    {
      "foreground": "a7595a",
      "background": "80000433",
      "token": "source entity.other.attribute-name -text.html.basic.embedded"
    },
    {
      "foreground": "a7595a",
      "background": "80000433",
      "token": "entity.name.tag.script"
    },
    {
      "foreground": "a7595a",
      "background": "80000433",
      "token": "meta.tag.block.script"
    },
    {
      "foreground": "5780a6",
      "background": "00438033",
      "token": "meta.tag.form"
    },
    {
      "foreground": "5780a6",
      "background": "00438033",
      "token": "meta.tag.block.form"
    },
    {
      "foreground": "a459a5",
      "background": "3c008033",
      "token": "meta.tag.meta"
    },
    {
      "background": "121212",
      "token": "meta.section.html.head"
    },
    {
      "background": "0043801a",
      "token": "meta.section.html.form"
    },
    {
      "foreground": "666666",
      "token": "meta.tag.xml"
    },
    {
      "foreground": "ffffff4d",
      "token": "entity.name.tag"
    },
    {
      "foreground": "ffffff33",
      "token": "entity.other.attribute-name"
    },
    {
      "foreground": "ffffff33",
      "token": "meta.tag punctuation.definition.string"
    },
    {
      "foreground": "ffffff66",
      "token": "meta.tag string -source -punctuation"
    },
    {
      "foreground": "ffffff66",
      "token": "text source text meta.tag string -punctuation"
    },
    {
      "foreground": "a6a458",
      "background": "33333333",
      "token": "markup markup -(markup meta.paragraph.list)"
    },
    {
      "foreground": "000000",
      "background": "ffffff",
      "token": "markup.hr"
    },
    {
      "foreground": "666666",
      "background": "33333380",
      "token": "markup.heading"
    },
    {
      "fontStyle": "bold",
      "token": "markup.bold"
    },
    {
      "fontStyle": "italic",
      "token": "markup.italic"
    },
    {
      "fontStyle": "underline",
      "token": "markup.underline"
    },
    {
      "foreground": "5780a6",
      "token": "meta.reference"
    },
    {
      "foreground": "5780a6",
      "token": "markup.underline.link"
    },
    {
      "foreground": "56a5a4",
      "background": "00438033",
      "token": "entity.name.reference"
    },
    {
      "foreground": "56a5a4",
      "fontStyle": "underline",
      "token": "meta.reference.list markup.underline.link"
    },
    {
      "foreground": "56a5a4",
      "fontStyle": "underline",
      "token": "text.html.textile markup.underline.link"
    },
    {
      "foreground": "999999",
      "background": "000000",
      "token": "markup.raw.block"
    },
    {
      "background": "ffffff1a",
      "token": "markup.quote"
    },
    {
      "foreground": "666666",
      "background": "00000080",
      "token": "meta.selector"
    },
    {
      "foreground": "575aa6",
      "background": "00048033",
      "token": "meta.attribute-match.css"
    },
    {
      "foreground": "7c58a5",
      "token": "entity.other.attribute-name.pseudo-class"
    },
    {
      "foreground": "7c58a5",
      "token": "entity.other.attribute-name.tag.pseudo-class"
    },
    {
      "foreground": "a459a5",
      "token": "meta.selector entity.other.attribute-name.class"
    },
    {
      "foreground": "a75980",
      "token": "meta.selector entity.other.attribute-name.id"
    },
    {
      "foreground": "a7595a",
      "token": "meta.selector entity.name.tag"
    },
    {
      "foreground": "a77d58",
      "fontStyle": "bold",
      "token": "entity.name.tag.wildcard"
    },
    {
      "foreground": "a77d58",
      "fontStyle": "bold",
      "token": "entity.other.attribute-name.universal"
    },
    {
      "foreground": "333333",
      "fontStyle": "bold",
      "token": "meta.scope.property-list"
    },
    {
      "foreground": "999999",
      "token": "meta.property-name"
    },
    {
      "foreground": "ffffff",
      "background": "000000",
      "token": "support.type.property-name"
    },
    {
      "foreground": "999999",
      "background": "0d0d0d",
      "token": "meta.property-value"
    },
    {
      "background": "000000",
      "token": "text.latex markup.raw"
    },
    {
      "foreground": "bdabd1",
      "token": "text.latex support.function -support.function.textit -support.function.emph"
    },
    {
      "foreground": "ffffffbf",
      "token": "text.latex support.function.section"
    },
    {
      "foreground": "000000",
      "background": "ffffff",
      "token": "text.latex entity.name.section -meta.group -keyword.operator.braces"
    },
    {
      "background": "00000080",
      "token": "text.latex keyword.operator.delimiter"
    },
    {
      "foreground": "999999",
      "token": "text.latex keyword.operator.brackets"
    },
    {
      "foreground": "666666",
      "token": "text.latex keyword.operator.braces"
    },
    {
      "foreground": "0008ff4d",
      "background": "00048033",
      "token": "meta.footnote"
    },
    {
      "background": "ffffff0d",
      "token": "text.latex meta.label.reference"
    },
    {
      "foreground": "a7595a",
      "background": "180d0c",
      "token": "text.latex keyword.control.ref"
    },
    {
      "foreground": "d2beab",
      "background": "291616",
      "token": "text.latex variable.parameter.label.reference"
    },
    {
      "foreground": "a75980",
      "background": "180d12",
      "token": "text.latex keyword.control.cite"
    },
    {
      "foreground": "e8d5de",
      "background": "29161f",
      "token": "variable.parameter.cite"
    },
    {
      "foreground": "ffffff80",
      "token": "text.latex variable.parameter.label"
    },
    {
      "foreground": "33333333",
      "token": "text.latex meta.group.braces"
    },
    {
      "foreground": "33333333",
      "background": "00000080",
      "token": "text.latex meta.environment.list"
    },
    {
      "foreground": "33333333",
      "background": "00000080",
      "token": "text.latex meta.environment.list meta.environment.list"
    },
    {
      "foreground": "33333333",
      "background": "000000",
      "token": "text.latex meta.environment.list meta.environment.list meta.environment.list"
    },
    {
      "foreground": "33333333",
      "token": "text.latex meta.environment.list meta.environment.list meta.environment.list meta.environment.list"
    },
    {
      "foreground": "33333333",
      "token": "text.latex meta.environment.list meta.environment.list meta.environment.list meta.environment.list meta.environment.list"
    },
    {
      "foreground": "33333333",
      "token": "text.latex meta.environment.list meta.environment.list meta.environment.list meta.environment.list meta.environment.list meta.environment.list"
    },
    {
      "foreground": "000000",
      "background": "cdcdcd",
      "token": "text.latex meta.end-document"
    },
    {
      "foreground": "000000",
      "background": "cdcdcd",
      "token": "text.latex meta.begin-document"
    },
    {
      "foreground": "000000",
      "background": "cdcdcd",
      "token": "meta.end-document.latex support.function"
    },
    {
      "foreground": "000000",
      "background": "cdcdcd",
      "token": "meta.end-document.latex variable.parameter"
    },
    {
      "foreground": "000000",
      "background": "cdcdcd",
      "token": "meta.begin-document.latex support.function"
    },
    {
      "foreground": "000000",
      "background": "cdcdcd",
      "token": "meta.begin-document.latex variable.parameter"
    },
    {
      "foreground": "596b61",
      "background": "45815d33",
      "token": "meta.brace.erb.return-value"
    },
    {
      "background": "66666633",
      "token": "source.ruby.rails.embedded.return-value.one-line"
    },
    {
      "foreground": "56a5a4",
      "background": "00fff81a",
      "token": "punctuation.section.embedded -(source string source punctuation.section.embedded)"
    },
    {
      "foreground": "56a5a4",
      "background": "00fff81a",
      "token": "meta.brace.erb.html"
    },
    {
      "background": "00fff81a",
      "token": "source.ruby.rails.embedded.one-line"
    },
    {
      "foreground": "555f69",
      "token": "source string source punctuation.section.embedded"
    },
    {
      "background": "000000",
      "token": "source"
    },
    {
      "background": "000000",
      "token": "meta.brace.erb"
    },
    {
      "foreground": "ffffff",
      "background": "33333380",
      "token": "source string source"
    },
    {
      "foreground": "999999",
      "background": "00000099",
      "token": "source string.interpolated source"
    },
    {
      "background": "3333331a",
      "token": "source.java.embedded"
    },
    {
      "foreground": "ffffff",
      "token": "text -text.xml.strict"
    },
    {
      "foreground": "cccccc",
      "background": "000000",
      "token": "text source"
    },
    {
      "foreground": "cccccc",
      "background": "000000",
      "token": "meta.scope.django.template"
    },
    {
      "foreground": "999999",
      "token": "text string source"
    },
    {
      "foreground": "333333",
      "token": "meta.syntax"
    },
    {
      "foreground": "211211",
      "background": "a7595a",
      "fontStyle": "bold",
      "token": "invalid"
    },
    {
      "foreground": "8f8fc3",
      "background": "0000ff1a",
      "fontStyle": "italic",
      "token": "0comment"
    },
    {
      "foreground": "0000ff1a",
      "fontStyle": "bold",
      "token": "comment punctuation"
    },
    {
      "foreground": "333333",
      "token": "comment"
    },
    {
      "foreground": "262626",
      "background": "8080800d",
      "fontStyle": "bold italic",
      "token": "comment punctuation"
    },
    {
      "fontStyle": "italic",
      "token": "text comment.block -source"
    },
    {
      "foreground": "81bb9e",
      "background": "15281f",
      "token": "markup.inserted"
    },
    {
      "foreground": "bc839f",
      "background": "400021",
      "token": "markup.deleted"
    },
    {
      "foreground": "c3c38f",
      "background": "533f2c",
      "token": "markup.changed"
    },
    {
      "foreground": "ffffff",
      "background": "000000",
      "token": "text.subversion-commit meta.scope.changed-files"
    },
    {
      "foreground": "ffffff",
      "background": "000000",
      "token": "text.subversion-commit meta.scope.changed-files.svn meta.diff.separator"
    },
    {
      "foreground": "000000",
      "background": "ffffff",
      "token": "text.subversion-commit"
    },
    {
      "foreground": "ffffff",
      "background": "ffffff03",
      "fontStyle": "bold",
      "token": "punctuation.terminator"
    },
    {
      "foreground": "ffffff",
      "background": "ffffff03",
      "fontStyle": "bold",
      "token": "meta.delimiter"
    },
    {
      "foreground": "ffffff",
      "background": "ffffff03",
      "fontStyle": "bold",
      "token": "punctuation.separator.method"
    },
    {
      "background": "000000bf",
      "token": "punctuation.terminator.statement"
    },
    {
      "background": "000000bf",
      "token": "meta.delimiter.statement.js"
    },
    {
      "background": "00000040",
      "token": "meta.delimiter.object.js"
    },
    {
      "foreground": "533f2c",
      "fontStyle": "bold",
      "token": "string.quoted.single.brace"
    },
    {
      "foreground": "533f2c",
      "fontStyle": "bold",
      "token": "string.quoted.double.brace"
    },
    {
      "background": "ffffff",
      "token": "text.blog -(text.blog text)"
    },
    {
      "foreground": "666666",
      "background": "ffffff",
      "token": "meta.headers.blog"
    },
    {
      "foreground": "192b2a",
      "background": "00fff81a",
      "token": "meta.headers.blog keyword.other.blog"
    },
    {
      "foreground": "533f2c",
      "background": "ffff551a",
      "token": "meta.headers.blog string.unquoted.blog"
    },
    {
      "foreground": "4c4c4c",
      "background": "33333333",
      "token": "meta.brace.pipe"
    },
    {
      "foreground": "4c4c4c",
      "fontStyle": "bold",
      "token": "meta.brace.erb"
    },
    {
      "foreground": "4c4c4c",
      "fontStyle": "bold",
      "token": "source.ruby.embedded.source.brace"
    },
    {
      "foreground": "4c4c4c",
      "fontStyle": "bold",
      "token": "punctuation.section.dictionary"
    },
    {
      "foreground": "4c4c4c",
      "fontStyle": "bold",
      "token": "punctuation.terminator.dictionary"
    },
    {
      "foreground": "4c4c4c",
      "fontStyle": "bold",
      "token": "punctuation.separator.object"
    },
    {
      "foreground": "ffffff",
      "fontStyle": "bold",
      "token": "meta.group.braces.curly punctuation.section.scope"
    },
    {
      "foreground": "ffffff",
      "fontStyle": "bold",
      "token": "meta.brace.curly"
    },
    {
      "foreground": "345743",
      "fontStyle": "bold",
      "token": "punctuation.separator.objects"
    },
    {
      "foreground": "345743",
      "fontStyle": "bold",
      "token": "meta.group.braces.curly meta.delimiter.object.comma"
    },
    {
      "foreground": "345743",
      "fontStyle": "bold",
      "token": "punctuation.separator.key-value -meta.tag"
    },
    {
      "foreground": "695f55",
      "background": "803d001a",
      "fontStyle": "bold",
      "token": "meta.group.braces.square punctuation.section.scope"
    },
    {
      "foreground": "695f55",
      "background": "803d001a",
      "fontStyle": "bold",
      "token": "meta.group.braces.square meta.delimiter.object.comma"
    },
    {
      "foreground": "695f55",
      "background": "803d001a",
      "fontStyle": "bold",
      "token": "meta.brace.square"
    },
    {
      "foreground": "695f55",
      "background": "803d001a",
      "fontStyle": "bold",
      "token": "punctuation.separator.array"
    },
    {
      "foreground": "695f55",
      "background": "803d001a",
      "fontStyle": "bold",
      "token": "punctuation.section.array"
    },
    {
      "foreground": "cdcdcd",
      "background": "00000080",
      "token": "meta.brace.curly meta.group"
    },
    {
      "foreground": "532d40",
      "fontStyle": "bold",
      "token": "meta.group.braces.round punctuation.section.scope"
    },
    {
      "foreground": "532d40",
      "fontStyle": "bold",
      "token": "meta.group.braces.round meta.delimiter.object.comma"
    },
    {
      "foreground": "532d40",
      "fontStyle": "bold",
      "token": "meta.brace.round"
    },
    {
      "foreground": "abacd2",
      "background": "3c008033",
      "token": "punctuation.section.function"
    },
    {
      "foreground": "abacd2",
      "background": "3c008033",
      "token": "meta.brace.curly.function"
    },
    {
      "foreground": "abacd2",
      "background": "3c008033",
      "token": "meta.function-call punctuation.section.scope.ruby"
    },
    {
      "foreground": "666666",
      "background": "00000080",
      "token": "meta.source.embedded"
    },
    {
      "foreground": "666666",
      "background": "00000080",
      "token": "entity.other.django.tagbraces"
    },
    {
      "background": "0a0a0a",
      "token": "meta.odd-tab.group1"
    },
    {
      "background": "0a0a0a",
      "token": "meta.group.braces"
    },
    {
      "background": "0a0a0a",
      "token": "meta.block.slate"
    },
    {
      "background": "0a0a0a",
      "token": "text.xml.strict meta.tag"
    },
    {
      "background": "0a0a0a",
      "token": "meta.tell-block meta.tell-block"
    },
    {
      "background": "0e0e0e",
      "token": "meta.even-tab.group2"
    },
    {
      "background": "0e0e0e",
      "token": "meta.group.braces meta.group.braces"
    },
    {
      "background": "0e0e0e",
      "token": "meta.block.slate meta.block.slate"
    },
    {
      "background": "0e0e0e",
      "token": "text.xml.strict meta.tag meta.tag"
    },
    {
      "background": "0e0e0e",
      "token": "meta.group.braces meta.group.braces"
    },
    {
      "background": "0e0e0e",
      "token": "meta.tell-block meta.tell-block"
    },
    {
      "background": "111111",
      "token": "meta.odd-tab.group3"
    },
    {
      "background": "111111",
      "token": "meta.group.braces meta.group.braces meta.group.braces"
    },
    {
      "background": "111111",
      "token": "meta.block.slate meta.block.slate meta.block.slate"
    },
    {
      "background": "111111",
      "token": "text.xml.strict meta.tag meta.tag meta.tag"
    },
    {
      "background": "111111",
      "token": "meta.group.braces meta.group.braces meta.group.braces"
    },
    {
      "background": "111111",
      "token": "meta.tell-block meta.tell-block meta.tell-block"
    },
    {
      "background": "151515",
      "token": "meta.even-tab.group4"
    },
    {
      "background": "151515",
      "token": "meta.group.braces meta.group.braces meta.group.braces meta.group.braces"
    },
    {
      "background": "151515",
      "token": "meta.block.slate meta.block.slate meta.block.slate meta.block.slate"
    },
    {
      "background": "151515",
      "token": "text.xml.strict meta.tag meta.tag meta.tag meta.tag"
    },
    {
      "background": "151515",
      "token": "meta.group.braces meta.group.braces meta.group.braces meta.group.braces"
    },
    {
      "background": "151515",
      "token": "meta.tell-block meta.tell-block meta.tell-block meta.tell-block"
    },
    {
      "background": "191919",
      "token": "meta.odd-tab.group5"
    },
    {
      "background": "191919",
      "token": "meta.group.braces meta.group.braces meta.group.braces meta.group.braces meta.group.braces"
    },
    {
      "background": "191919",
      "token": "meta.block.slate meta.block.slate meta.block.slate meta.block.slate meta.block.slate"
    },
    {
      "background": "191919",
      "token": "text.xml.strict meta.tag meta.tag meta.tag meta.tag meta.tag"
    },
    {
      "background": "191919",
      "token": "meta.group.braces meta.group.braces meta.group.braces meta.group.braces meta.group.braces"
    },
    {
      "background": "191919",
      "token": "meta.tell-block meta.tell-block meta.tell-block meta.tell-block meta.tell-block"
    },
    {
      "background": "1c1c1c",
      "token": "meta.even-tab.group6"
    },
    {
      "background": "1c1c1c",
      "token": "meta.group.braces meta.group.braces meta.group.braces meta.group.braces meta.group.braces meta.group.braces"
    },
    {
      "background": "1c1c1c",
      "token": "meta.block.slate meta.block.slate meta.block.slate meta.block.slate meta.block.slate meta.block.slate"
    },
    {
      "background": "1c1c1c",
      "token": "text.xml.strict meta.tag meta.tag meta.tag meta.tag meta.tag meta.tag"
    },
    {
      "background": "1c1c1c",
      "token": "meta.group.braces meta.group.braces meta.group.braces meta.group.braces meta.group.braces meta.group.braces"
    },
    {
      "background": "1c1c1c",
      "token": "meta.tell-block meta.tell-block meta.tell-block meta.tell-block meta.tell-block meta.tell-block"
    },
    {
      "background": "1f1f1f",
      "token": "meta.odd-tab.group7"
    },
    {
      "background": "1f1f1f",
      "token": "meta.group.braces meta.group.braces meta.group.braces meta.group.braces meta.group.braces meta.group.braces meta.group.braces"
    },
    {
      "background": "1f1f1f",
      "token": "meta.block.slate meta.block.slate meta.block.slate meta.block.slate meta.block.slate meta.block.slate meta.block.slate"
    },
    {
      "background": "1f1f1f",
      "token": "text.xml.strict meta.tag meta.tag meta.tag meta.tag meta.tag meta.tag meta.tag"
    },
    {
      "background": "1f1f1f",
      "token": "meta.group.braces meta.group.braces meta.group.braces meta.group.braces meta.group.braces meta.group.braces meta.group.braces"
    },
    {
      "background": "1f1f1f",
      "token": "meta.tell-block meta.tell-block meta.tell-block meta.tell-block meta.tell-block meta.tell-block meta.tell-block"
    },
    {
      "background": "212121",
      "token": "meta.even-tab.group8"
    },
    {
      "background": "212121",
      "token": "meta.group.braces meta.group.braces meta.group.braces meta.group.braces meta.group.braces meta.group.braces meta.group.braces meta.group.braces"
    },
    {
      "background": "212121",
      "token": "meta.block.slate meta.block.slate meta.block.slate meta.block.slate meta.block.slate meta.block.slate meta.block.slate meta.block.slate"
    },
    {
      "background": "212121",
      "token": "text.xml.strict meta.tag meta.tag meta.tag meta.tag meta.tag meta.tag meta.tag meta.tag"
    },
    {
      "background": "212121",
      "token": "meta.group.braces meta.group.braces meta.group.braces meta.group.braces meta.group.braces meta.group.braces meta.group.braces meta.group.braces"
    },
    {
      "background": "212121",
      "token": "meta.tell-block meta.tell-block meta.tell-block meta.tell-block meta.tell-block meta.tell-block meta.tell-block meta.tell-block"
    },
    {
      "background": "242424",
      "token": "meta.odd-tab.group11"
    },
    {
      "background": "242424",
      "token": "meta.odd-tab.group10"
    },
    {
      "background": "242424",
      "token": "meta.odd-tab.group9"
    },
    {
      "background": "242424",
      "token": "meta.group.braces meta.group.braces meta.group.braces meta.group.braces meta.group.braces meta.group.braces meta.group.braces meta.group.braces meta.group.braces"
    },
    {
      "background": "242424",
      "token": "meta.block.slate meta.block.slate meta.block.slate meta.block.slate meta.block.slate meta.block.slate meta.block.slate meta.block.slate meta.block.slate"
    },
    {
      "background": "242424",
      "token": "text.xml.strict meta.tag meta.tag meta.tag meta.tag meta.tag meta.tag meta.tag meta.tag meta.tag"
    },
    {
      "background": "242424",
      "token": "meta.group.braces meta.group.braces meta.group.braces meta.group.braces meta.group.braces meta.group.braces meta.group.braces meta.group.braces meta.group.braces"
    },
    {
      "background": "242424",
      "token": "meta.tell-block meta.tell-block meta.tell-block meta.tell-block meta.tell-block meta.tell-block meta.tell-block meta.tell-block meta.tell-block"
    },
    {
      "foreground": "666666",
      "token": "meta.block.slate"
    },
    {
      "foreground": "cdcdcd",
      "token": "meta.block.content.slate"
    }
  ],
  "colors": {
    "editor.foreground": "#CDCDCD",
    "editor.background": "#050505FA",
    "editor.selectionBackground": "#2E2EE64D",
    "editor.lineHighlightBackground": "#0000801A",
    "editorCursor.foreground": "#7979B7",
    "editorWhitespace.foreground": "#CDCDCD1A"
  }
}